round_epochs,loss,acc,val_loss,val_acc,activation,batch_size,dropout,epochs,first_hidden_layer,optimizer,second_hidden_layer
20,0.6594089269638062,0.6877490282058716,0.7184075713157654,0.718097448348999,relu,32,0.3,20,10,Adam,2
20,0.5781263709068298,0.7574701309204102,0.613109290599823,0.7401391863822937,relu,32,0.3,20,10,Adam,4
20,0.5251250863075256,0.7853585481643677,0.6441794633865356,0.7447795867919922,relu,32,0.3,20,10,Adam,6
20,0.4737204313278198,0.804780900478363,0.755099356174469,0.7401391863822937,relu,32,0.3,20,10,RMSprop,2
20,0.44917741417884827,0.8167330622673035,0.6488041877746582,0.7703016400337219,relu,32,0.3,20,10,RMSprop,4
20,0.4640956223011017,0.8032868504524231,0.6220611929893494,0.7679814100265503,relu,32,0.3,20,10,RMSprop,6
20,0.7601307034492493,0.6558765172958374,0.6123284697532654,0.7320185899734497,relu,32,0.3,20,8,Adam,2
20,0.5094201564788818,0.7973107695579529,0.5882080793380737,0.7865429520606995,relu,32,0.3,20,8,Adam,4
20,0.6171031594276428,0.7599601745605469,0.7139623761177063,0.7436195015907288,relu,32,0.3,20,8,Adam,6
20,0.4959641695022583,0.7878485918045044,0.6002366542816162,0.7575405836105347,relu,32,0.3,20,8,RMSprop,2
20,0.532558798789978,0.7868525981903076,0.677718997001648,0.7772621512413025,relu,32,0.3,20,8,RMSprop,4
20,0.4580569863319397,0.8057768940925598,0.6653345823287964,0.76450115442276,relu,32,0.3,20,8,RMSprop,6
20,0.605816662311554,0.7365537881851196,0.6533671021461487,0.7250580191612244,relu,32,0.3,20,6,Adam,2
20,0.6105546951293945,0.7350597381591797,0.632741391658783,0.7610208988189697,relu,32,0.3,20,6,Adam,4
20,0.5829951763153076,0.7679283022880554,0.6771518588066101,0.7122969627380371,relu,32,0.3,20,6,Adam,6
20,0.49723896384239197,0.7813745141029358,0.5704219937324524,0.7389791011810303,relu,32,0.3,20,6,RMSprop,2
20,0.5057998299598694,0.7938246726989746,0.5944840312004089,0.7494199275970459,relu,32,0.3,20,6,RMSprop,4
20,0.5110911726951599,0.7923306822776794,0.7074887752532959,0.7459396719932556,relu,32,0.3,20,6,RMSprop,6
60,0.27154740691185,0.8974103331565857,0.7324236035346985,0.7389791011810303,relu,32,0.3,60,10,Adam,2
60,0.7704532742500305,0.6917330622673035,0.9671637415885925,0.6531322598457336,relu,32,0.3,60,10,Adam,4
60,0.3926328122615814,0.8585657477378845,0.7301986217498779,0.7795823812484741,relu,32,0.3,60,10,Adam,6
60,0.1667182296514511,0.9342629313468933,0.6853528022766113,0.8213456869125366,relu,32,0.3,60,10,RMSprop,2
60,0.25480157136917114,0.8974103331565857,0.7643638253211975,0.8039442896842957,relu,32,0.3,60,10,RMSprop,4
60,0.23124486207962036,0.9163346886634827,0.8598313927650452,0.8364269137382507,relu,32,0.3,60,10,RMSprop,6
60,0.3354467451572418,0.8660358786582947,0.7031418085098267,0.7749419808387756,relu,32,0.3,60,8,Adam,2
60,0.49410638213157654,0.7719123363494873,0.6056870222091675,0.7679814100265503,relu,32,0.3,60,8,Adam,4
60,0.3413080871105194,0.8585657477378845,0.6712238788604736,0.7668213248252869,relu,32,0.3,60,8,Adam,6
60,0.25421813130378723,0.9028884172439575,0.8552849888801575,0.7830626368522644,relu,32,0.3,60,8,RMSprop,2
60,0.22948266565799713,0.912350594997406,0.9479433298110962,0.747099757194519,relu,32,0.3,60,8,RMSprop,4
60,0.2060142308473587,0.9257968068122864,1.1810355186462402,0.7633410692214966,relu,32,0.3,60,8,RMSprop,6
60,0.5428874492645264,0.804780900478363,0.8507562875747681,0.7250580191612244,relu,32,0.3,60,6,Adam,2
60,0.27833232283592224,0.9018924236297607,0.7322602868080139,0.7749419808387756,relu,32,0.3,60,6,Adam,4
60,0.3763774633407593,0.8555777072906494,0.7295866012573242,0.7552204132080078,relu,32,0.3,60,6,Adam,6
60,0.1929786056280136,0.9267928004264832,0.8632507920265198,0.8178654313087463,relu,32,0.3,60,6,RMSprop,2
60,0.2095542699098587,0.9287848472595215,0.9352055191993713,0.8004640340805054,relu,32,0.3,60,6,RMSprop,4
60,0.18711616098880768,0.9312748908996582,0.7362602353096008,0.8364269137382507,relu,32,0.3,60,6,RMSprop,6
100,0.4031117856502533,0.8451195359230042,1.0644261837005615,0.7401391863822937,relu,32,0.3,100,10,Adam,2
100,0.4095997214317322,0.8381474018096924,0.9372719526290894,0.7563804984092712,relu,32,0.3,100,10,Adam,4
100,0.29245269298553467,0.8914342522621155,0.8745539784431458,0.7633410692214966,relu,32,0.3,100,10,Adam,6
100,0.15260612964630127,0.9501991868019104,0.8075332045555115,0.8341067433357239,relu,32,0.3,100,10,RMSprop,2
100,0.1718810349702835,0.9462151527404785,1.2263046503067017,0.8155452609062195,relu,32,0.3,100,10,RMSprop,4
100,0.1885434091091156,0.9317728877067566,0.8880056142807007,0.7703016400337219,relu,32,0.3,100,10,RMSprop,6
100,0.428344190120697,0.8177290558815002,0.9818362593650818,0.718097448348999,relu,32,0.3,100,8,Adam,2
100,0.45104557275772095,0.81324702501297,0.99071204662323,0.6450116038322449,relu,32,0.3,100,8,Adam,4
100,0.45104578137397766,0.8027888536453247,0.9619261026382446,0.7041763067245483,relu,32,0.3,100,8,Adam,6
100,0.15565897524356842,0.945219099521637,1.074882984161377,0.8039442896842957,relu,32,0.3,100,8,RMSprop,2
100,0.14937227964401245,0.9462151527404785,0.899807870388031,0.8259860873222351,relu,32,0.3,100,8,RMSprop,4
100,0.17578743398189545,0.9317728877067566,0.8594864010810852,0.8352668285369873,relu,32,0.3,100,8,RMSprop,6
100,0.664569616317749,0.7564740777015686,0.9936262369155884,0.70649653673172,relu,32,0.3,100,6,Adam,2
100,0.2743673324584961,0.8989043831825256,0.7347507476806641,0.7981438636779785,relu,32,0.3,100,6,Adam,4
100,0.2722958028316498,0.887948215007782,0.8720152378082275,0.752900242805481,relu,32,0.3,100,6,Adam,6
100,0.1826070100069046,0.9347609281539917,0.8018196821212769,0.8155452609062195,relu,32,0.3,100,6,RMSprop,2
100,0.16763518750667572,0.9432271122932434,0.9993952512741089,0.8248260021209717,relu,32,0.3,100,6,RMSprop,4
100,0.1724776327610016,0.9467131495475769,1.3639106750488281,0.7900232076644897,relu,32,0.3,100,6,RMSprop,6
20,0.9321502447128296,0.5343625545501709,0.7073061466217041,0.6624130010604858,relu,32,0.5,20,10,Adam,2
20,0.8986107110977173,0.5348605513572693,0.7261781692504883,0.660092830657959,relu,32,0.5,20,10,Adam,4
20,0.7959792613983154,0.5811753273010254,0.6984118819236755,0.7053364515304565,relu,32,0.5,20,10,Adam,6
20,0.7694861888885498,0.6344621777534485,0.7278171181678772,0.6763340830802917,relu,32,0.5,20,10,RMSprop,2
20,0.7987650036811829,0.6215139627456665,0.696128785610199,0.6763340830802917,relu,32,0.5,20,10,RMSprop,4
20,0.8000770211219788,0.6394422054290771,0.6962412595748901,0.6670533418655396,relu,32,0.5,20,10,RMSprop,6
20,0.8534216284751892,0.5961155295372009,0.783939778804779,0.6508120894432068,relu,32,0.5,20,8,Adam,2
20,0.837360143661499,0.5896414518356323,0.8080533742904663,0.5777262449264526,relu,32,0.5,20,8,Adam,4
20,0.9114346504211426,0.5717131495475769,0.757007896900177,0.6403712034225464,relu,32,0.5,20,8,Adam,6
20,0.7484991550445557,0.6718127727508545,0.7247403860092163,0.6635730862617493,relu,32,0.5,20,8,RMSprop,2
20,0.8109114766120911,0.6220119595527649,0.6844226717948914,0.7285382747650146,relu,32,0.5,20,8,RMSprop,4
20,0.7852768898010254,0.6419322490692139,0.6859593391418457,0.7343387603759766,relu,32,0.5,20,8,RMSprop,6
20,0.9175695776939392,0.5303784608840942,0.801750659942627,0.642691433429718,relu,32,0.5,20,6,Adam,2
20,0.9310182332992554,0.5438246726989746,0.7715570330619812,0.6566125154495239,relu,32,0.5,20,6,Adam,4
20,0.907134473323822,0.5602589845657349,0.7952499389648438,0.6322506070137024,relu,32,0.5,20,6,Adam,6
20,0.8370034694671631,0.6010956168174744,0.7117607593536377,0.7053364515304565,relu,32,0.5,20,6,RMSprop,2
20,0.7535645961761475,0.6772908568382263,0.6883971095085144,0.6740139126777649,relu,32,0.5,20,6,RMSprop,4
20,0.8184849619865417,0.6180278658866882,0.7514892220497131,0.6612529158592224,relu,32,0.5,20,6,RMSprop,6
60,0.8169611096382141,0.6748008131980896,0.9161666631698608,0.6102088093757629,relu,32,0.5,60,10,Adam,2
60,0.7521121501922607,0.6533864736557007,1.0017834901809692,0.5881670713424683,relu,32,0.5,60,10,Adam,4
60,0.8570573925971985,0.5806772708892822,0.8586576581001282,0.6728538274765015,relu,32,0.5,60,10,Adam,6
60,0.527732253074646,0.782868504524231,0.89980548620224,0.6635730862617493,relu,32,0.5,60,10,RMSprop,2
60,0.5633792877197266,0.7634462118148804,0.7316706776618958,0.7378190159797668,relu,32,0.5,60,10,RMSprop,4
60,0.5793176889419556,0.7763944268226624,0.632628321647644,0.7424594163894653,relu,32,0.5,60,10,RMSprop,6
60,0.8803015351295471,0.5507968068122864,0.8553358316421509,0.55800461769104,relu,32,0.5,60,8,Adam,2
60,0.7703670859336853,0.6718127727508545,0.7821357846260071,0.6322506070137024,relu,32,0.5,60,8,Adam,4
60,0.7087551355361938,0.6792828440666199,0.91013103723526,0.6531322598457336,relu,32,0.5,60,8,Adam,6
60,0.5081202387809753,0.7823705077171326,0.6827608346939087,0.7378190159797668,relu,32,0.5,60,8,RMSprop,2
60,0.5497365593910217,0.7768924236297607,0.7055051326751709,0.7436195015907288,relu,32,0.5,60,8,RMSprop,4
60,0.5342623591423035,0.7823705077171326,0.6225517392158508,0.7807424664497375,relu,32,0.5,60,8,RMSprop,6
60,0.9050535559654236,0.5532868504524231,0.7700420022010803,0.596287727355957,relu,32,0.5,60,6,Adam,2
60,1.0361689329147339,0.45119521021842957,0.9009023308753967,0.6102088093757629,relu,32,0.5,60,6,Adam,4
60,0.8393957614898682,0.6065737009048462,0.8651971817016602,0.6090487241744995,relu,32,0.5,60,6,Adam,6
60,0.6289589405059814,0.7275896668434143,0.7837607264518738,0.6798143982887268,relu,32,0.5,60,6,RMSprop,2
60,0.6043230295181274,0.7405378222465515,0.7995992302894592,0.6740139126777649,relu,32,0.5,60,6,RMSprop,4
60,0.49700063467025757,0.7913346886634827,0.8622979521751404,0.7030162215232849,relu,32,0.5,60,6,RMSprop,6
100,0.8342049717903137,0.5866534113883972,0.9184297919273376,0.5904872417449951,relu,32,0.5,100,10,Adam,2
100,0.9106746912002563,0.5219123363494873,0.839618444442749,0.613689124584198,relu,32,0.5,100,10,Adam,4
100,0.9324567317962646,0.5219123363494873,1.0935509204864502,0.5823665857315063,relu,32,0.5,100,10,Adam,6
100,0.4823688864707947,0.8082669377326965,1.0377229452133179,0.6774942278862,relu,32,0.5,100,10,RMSprop,2
100,0.5596305131912231,0.7644422054290771,0.7495490908622742,0.7366589307785034,relu,32,0.5,100,10,RMSprop,4
100,0.5650832056999207,0.7773904204368591,1.3596711158752441,0.6183294653892517,relu,32,0.5,100,10,RMSprop,6
100,0.8795527219772339,0.5627490282058716,0.9763063788414001,0.6287702918052673,relu,32,0.5,100,8,Adam,2
100,1.3554269075393677,0.280876487493515,1.3344961404800415,0.2958236634731293,relu,32,0.5,100,8,Adam,4
100,0.8290913105010986,0.6100597381591797,1.0264849662780762,0.6113688945770264,relu,32,0.5,100,8,Adam,6
100,0.4708232283592224,0.8097609281539917,0.9225510358810425,0.7389791011810303,relu,32,0.5,100,8,RMSprop,2
100,0.5523130297660828,0.7649402618408203,0.8829668164253235,0.7494199275970459,relu,32,0.5,100,8,RMSprop,4
100,0.6038957238197327,0.7719123363494873,0.8690592646598816,0.6693735718727112,relu,32,0.5,100,8,RMSprop,6
100,1.3578647375106812,0.2813745141029358,1.3349133729934692,0.2969837486743927,relu,32,0.5,100,6,Adam,2
100,1.1662617921829224,0.41683265566825867,0.9781204462051392,0.5870069861412048,relu,32,0.5,100,6,Adam,4
100,1.029893159866333,0.4845617413520813,1.0259273052215576,0.5498839616775513,relu,32,0.5,100,6,Adam,6
100,0.4780157506465912,0.800298810005188,1.091888666152954,0.6972157955169678,relu,32,0.5,100,6,RMSprop,2
100,0.47425734996795654,0.81324702501297,0.7042381763458252,0.7459396719932556,relu,32,0.5,100,6,RMSprop,4
100,0.5618701577186584,0.791832685470581,1.1072336435317993,0.7343387603759766,relu,32,0.5,100,6,RMSprop,6
20,0.4292827248573303,0.8227091431617737,0.8006207346916199,0.7366589307785034,relu,64,0.3,20,10,Adam,2
20,0.4595164656639099,0.8162350654602051,0.6052758693695068,0.7621809840202332,relu,64,0.3,20,10,Adam,4
20,0.4729675352573395,0.8067728877067566,0.588225245475769,0.7633410692214966,relu,64,0.3,20,10,Adam,6
20,0.4995746612548828,0.7898406386375427,1.5155489444732666,0.5730858445167542,relu,64,0.3,20,10,RMSprop,2
20,0.5110241770744324,0.7878485918045044,0.7039341330528259,0.7331786751747131,relu,64,0.3,20,10,RMSprop,4
20,0.5451277494430542,0.7729083895683289,0.5852221250534058,0.781902551651001,relu,64,0.3,20,10,RMSprop,6
20,0.5144078731536865,0.7858565449714661,0.5583199858665466,0.7923433780670166,relu,64,0.3,20,8,Adam,2
20,0.40250882506370544,0.8276892304420471,0.5900220274925232,0.7853828072547913,relu,64,0.3,20,8,Adam,4
20,0.5349989533424377,0.7739043831825256,0.7337021231651306,0.6914153099060059,relu,64,0.3,20,8,Adam,6
20,0.5575633645057678,0.7669322490692139,0.5830310583114624,0.7749419808387756,relu,64,0.3,20,8,RMSprop,2
20,0.588219165802002,0.7519920468330383,0.6405763626098633,0.7378190159797668,relu,64,0.3,20,8,RMSprop,4
20,0.5038050413131714,0.7978087663650513,0.7695985436439514,0.6972157955169678,relu,64,0.3,20,8,RMSprop,6
20,0.48728013038635254,0.7853585481643677,0.6670894622802734,0.7679814100265503,relu,64,0.3,20,6,Adam,2
20,0.5985487699508667,0.7539840340614319,0.632414698600769,0.7633410692214966,relu,64,0.3,20,6,Adam,4
20,0.4614632725715637,0.804780900478363,0.6322782039642334,0.7877030372619629,relu,64,0.3,20,6,Adam,6
20,0.5593674182891846,0.7584661245346069,0.8017371892929077,0.7076566219329834,relu,64,0.3,20,6,RMSprop,2
20,0.5445625185966492,0.7768924236297607,0.5911964774131775,0.7691415548324585,relu,64,0.3,20,6,RMSprop,4
20,0.5596889853477478,0.7659362554550171,0.6273345351219177,0.7389791011810303,relu,64,0.3,20,6,RMSprop,6
60,0.42400193214416504,0.8107569813728333,0.6429117918014526,0.7505800724029541,relu,64,0.3,60,10,Adam,2
60,0.24341122806072235,0.8974103331565857,0.74515300989151,0.7981438636779785,relu,64,0.3,60,10,Adam,4
60,0.2705225646495819,0.9063745141029358,0.7265293002128601,0.7865429520606995,relu,64,0.3,60,10,Adam,6
60,0.2166776955127716,0.9163346886634827,0.5967361927032471,0.8329466581344604,relu,64,0.3,60,10,RMSprop,2
60,0.1900961697101593,0.929780900478363,1.0069650411605835,0.7807424664497375,relu,64,0.3,60,10,RMSprop,4
60,0.22343572974205017,0.9128485918045044,0.6985620856285095,0.828306257724762,relu,64,0.3,60,10,RMSprop,6
60,0.28202804923057556,0.9028884172439575,0.6947281956672668,0.7761020660400391,relu,64,0.3,60,8,Adam,2
60,0.24635259807109833,0.8964143395423889,0.9237343072891235,0.7842227220535278,relu,64,0.3,60,8,Adam,4
60,0.3131848871707916,0.8740040063858032,0.7772613167762756,0.7679814100265503,relu,64,0.3,60,8,Adam,6
60,0.20770731568336487,0.9213147163391113,0.9145998954772949,0.7795823812484741,relu,64,0.3,60,8,RMSprop,2
60,0.29563143849372864,0.9068725109100342,0.6141916513442993,0.810904860496521,relu,64,0.3,60,8,RMSprop,4
60,0.20084649324417114,0.9183266758918762,0.5244632363319397,0.8271461725234985,relu,64,0.3,60,8,RMSprop,6
60,0.507973849773407,0.7808765172958374,0.6209666728973389,0.7598608136177063,relu,64,0.3,60,6,Adam,2
60,0.34235280752182007,0.8809760808944702,0.6762442588806152,0.7853828072547913,relu,64,0.3,60,6,Adam,4
60,0.44932377338409424,0.798804759979248,0.7415885925292969,0.7482598423957825,relu,64,0.3,60,6,Adam,6
60,0.21937644481658936,0.9203187227249146,0.6546000242233276,0.8364269137382507,relu,64,0.3,60,6,RMSprop,2
60,0.23820768296718597,0.9088645577430725,0.6826217770576477,0.8341067433357239,relu,64,0.3,60,6,RMSprop,4
60,0.3037802577018738,0.894920289516449,0.5986523628234863,0.8236659169197083,relu,64,0.3,60,6,RMSprop,6
100,0.34817376732826233,0.863545835018158,0.6525534987449646,0.7842227220535278,relu,64,0.3,100,10,Adam,2
100,0.24830442667007446,0.9028884172439575,0.756643533706665,0.7981438636779785,relu,64,0.3,100,10,Adam,4
100,0.3507663607597351,0.8710159659385681,0.804011881351471,0.7378190159797668,relu,64,0.3,100,10,Adam,6
100,0.16777436435222626,0.9402390718460083,0.6349295973777771,0.8445475697517395,relu,64,0.3,100,10,RMSprop,2
100,0.16000035405158997,0.9482071995735168,0.756764829158783,0.8294663429260254,relu,64,0.3,100,10,RMSprop,4
100,0.16210836172103882,0.9501991868019104,1.1450728178024292,0.8085846900939941,relu,64,0.3,100,10,RMSprop,6
100,0.3231472969055176,0.8645418286323547,1.1850184202194214,0.7505800724029541,relu,64,0.3,100,8,Adam,2
100,0.21360841393470764,0.9198207259178162,0.7090958952903748,0.7993039488792419,relu,64,0.3,100,8,Adam,4
100,0.35845887660980225,0.8730079531669617,0.7760382890701294,0.7610208988189697,relu,64,0.3,100,8,Adam,6
100,0.15124528110027313,0.9521912336349487,0.8215888142585754,0.839907169342041,relu,64,0.3,100,8,RMSprop,2
100,0.15002597868442535,0.9506971836090088,1.0327180624008179,0.8201856017112732,relu,64,0.3,100,8,RMSprop,4
100,0.1831006407737732,0.9357569813728333,0.6957849860191345,0.8410673141479492,relu,64,0.3,100,8,RMSprop,6
100,0.2936317026615143,0.8725099563598633,0.8197139501571655,0.7911832928657532,relu,64,0.3,100,6,Adam,2
100,0.2440166026353836,0.907868504524231,1.1435662508010864,0.7633410692214966,relu,64,0.3,100,6,Adam,4
100,0.2583339810371399,0.9183266758918762,0.7018527984619141,0.7923433780670166,relu,64,0.3,100,6,Adam,6
100,0.13387101888656616,0.9631474018096924,0.7491828799247742,0.8317865133285522,relu,64,0.3,100,6,RMSprop,2
100,0.1699548065662384,0.93675297498703,0.8114970326423645,0.8225057721138,relu,64,0.3,100,6,RMSprop,4
100,0.16173410415649414,0.9467131495475769,0.9612373113632202,0.8062645196914673,relu,64,0.3,100,6,RMSprop,6
20,0.9694470167160034,0.504482090473175,0.8297449946403503,0.5545243620872498,relu,64,0.5,20,10,Adam,2
20,0.817699670791626,0.6180278658866882,0.7133439183235168,0.6960557103157043,relu,64,0.5,20,10,Adam,4
20,0.8355095386505127,0.5896414518356323,0.7356500625610352,0.7262181043624878,relu,64,0.5,20,10,Adam,6
20,0.7950100302696228,0.6459163427352905,0.7377642393112183,0.7099767923355103,relu,64,0.5,20,10,RMSprop,2
20,0.7438300251960754,0.6708167195320129,0.7560964226722717,0.613689124584198,relu,64,0.5,20,10,RMSprop,4
20,0.8233834505081177,0.6469123363494873,0.6825830340385437,0.7215777039527893,relu,64,0.5,20,10,RMSprop,6
20,0.791129469871521,0.612051784992218,0.631629467010498,0.747099757194519,relu,64,0.5,20,8,Adam,2
20,0.8359505534172058,0.5851593613624573,0.7900508642196655,0.6740139126777649,relu,64,0.5,20,8,Adam,4
20,0.8136576414108276,0.5911354422569275,0.7656161785125732,0.6508120894432068,relu,64,0.5,20,8,Adam,6
20,0.7442407608032227,0.6862549781799316,0.7303768992424011,0.6670533418655396,relu,64,0.5,20,8,RMSprop,2
20,0.7837929129600525,0.642430305480957,0.7050588726997375,0.7006960511207581,relu,64,0.5,20,8,RMSprop,4
20,0.753869354724884,0.6613546013832092,0.7136688828468323,0.6589326858520508,relu,64,0.5,20,8,RMSprop,6
20,0.844501256942749,0.586155354976654,0.7408788800239563,0.6798143982887268,relu,64,0.5,20,6,Adam,2
20,0.7918024063110352,0.5941234827041626,0.7373123168945312,0.6902552247047424,relu,64,0.5,20,6,Adam,4
20,0.7694204449653625,0.6170318722724915,0.7089857459068298,0.7134570479393005,relu,64,0.5,20,6,Adam,6
20,0.7596703171730042,0.6633465886116028,0.7168514132499695,0.7169373631477356,relu,64,0.5,20,6,RMSprop,2
20,0.7382022142410278,0.6628485918045044,0.8815932273864746,0.6403712034225464,relu,64,0.5,20,6,RMSprop,4
20,0.7941080331802368,0.6210159659385681,0.6791502833366394,0.7285382747650146,relu,64,0.5,20,6,RMSprop,6
60,0.7414540648460388,0.6269920468330383,0.8045443296432495,0.621809720993042,relu,64,0.5,60,10,Adam,2
60,0.6426093578338623,0.7016932368278503,0.8949360251426697,0.6322506070137024,relu,64,0.5,60,10,Adam,4
60,0.7532774209976196,0.666832685470581,0.7662398219108582,0.6682134866714478,relu,64,0.5,60,10,Adam,6
60,0.5814064145088196,0.7480079531669617,0.7114148736000061,0.7296983599662781,relu,64,0.5,60,10,RMSprop,2
60,0.560863196849823,0.769920289516449,0.6528066396713257,0.7331786751747131,relu,64,0.5,60,10,RMSprop,4
60,0.6423296332359314,0.7191234827041626,0.6868865489959717,0.7099767923355103,relu,64,0.5,60,10,RMSprop,6
60,0.7695775032043457,0.6304780840873718,0.792610228061676,0.6612529158592224,relu,64,0.5,60,8,Adam,2
60,0.8732345104217529,0.519920289516449,0.8374643921852112,0.6229698657989502,relu,64,0.5,60,8,Adam,4
60,0.6478342413902283,0.7350597381591797,0.6281120777130127,0.7679814100265503,relu,64,0.5,60,8,Adam,6
60,0.48872315883636475,0.798804759979248,0.6013432145118713,0.7610208988189697,relu,64,0.5,60,8,RMSprop,2
60,0.5773301124572754,0.732569694519043,0.5988828539848328,0.7459396719932556,relu,64,0.5,60,8,RMSprop,4
60,0.6214840412139893,0.7415338754653931,0.6701499223709106,0.6914153099060059,relu,64,0.5,60,8,RMSprop,6
60,0.6371185183525085,0.7136453986167908,0.7340421676635742,0.6774942278862,relu,64,0.5,60,6,Adam,2
60,0.7467523813247681,0.6598605513572693,0.8740935325622559,0.6310904622077942,relu,64,0.5,60,6,Adam,4
60,0.629800021648407,0.7091633677482605,0.8167794942855835,0.6577726006507874,relu,64,0.5,60,6,Adam,6
60,0.45530715584754944,0.8072709441184998,0.5947134494781494,0.7807424664497375,relu,64,0.5,60,6,RMSprop,2
60,0.5359747409820557,0.7619521617889404,0.6804304122924805,0.7401391863822937,relu,64,0.5,60,6,RMSprop,4
60,0.533137857913971,0.7619521617889404,0.5926451086997986,0.7436195015907288,relu,64,0.5,60,6,RMSprop,6
100,0.6631123423576355,0.7260956168174744,0.8400939106941223,0.6276102066040039,relu,64,0.5,100,10,Adam,2
100,0.7088662385940552,0.6782868504524231,0.9250264763832092,0.6055684685707092,relu,64,0.5,100,10,Adam,4
100,0.790145218372345,0.642430305480957,0.8545340895652771,0.6148492097854614,relu,64,0.5,100,10,Adam,6
100,0.33972620964050293,0.8645418286323547,0.6403046250343323,0.7691415548324585,relu,64,0.5,100,10,RMSprop,2
100,0.3998720049858093,0.8401394486427307,0.6886137127876282,0.7853828072547913,relu,64,0.5,100,10,RMSprop,4
100,0.4467695355415344,0.8112549781799316,0.637004017829895,0.7900232076644897,relu,64,0.5,100,10,RMSprop,6
100,0.593074381351471,0.7818725109100342,1.0595260858535767,0.6055684685707092,relu,64,0.5,100,8,Adam,2
100,0.7603991031646729,0.6235059499740601,1.0618813037872314,0.6067285537719727,relu,64,0.5,100,8,Adam,4
100,1.004639744758606,0.49252986907958984,0.9402228593826294,0.5870069861412048,relu,64,0.5,100,8,Adam,6
100,0.4651242792606354,0.8107569813728333,0.737921953201294,0.7111368775367737,relu,64,0.5,100,8,RMSprop,2
100,0.36131542921066284,0.842131495475769,0.9418644905090332,0.7157772779464722,relu,64,0.5,100,8,RMSprop,4
100,0.40738001465797424,0.8242031931877136,0.7895243167877197,0.7575405836105347,relu,64,0.5,100,8,RMSprop,6
100,1.0011296272277832,0.5084661245346069,0.9099679589271545,0.5904872417449951,relu,64,0.5,100,6,Adam,2
100,0.7404874563217163,0.68675297498703,0.8261550664901733,0.6740139126777649,relu,64,0.5,100,6,Adam,4
100,0.7037179470062256,0.6772908568382263,1.0665888786315918,0.6183294653892517,relu,64,0.5,100,6,Adam,6
100,0.4540325701236725,0.8077689409255981,0.7847700119018555,0.7482598423957825,relu,64,0.5,100,6,RMSprop,2
100,0.5987591743469238,0.7390438318252563,0.807532787322998,0.6937354803085327,relu,64,0.5,100,6,RMSprop,4
100,0.48177510499954224,0.7998008131980896,0.881571888923645,0.7436195015907288,relu,64,0.5,100,6,RMSprop,6
20,0.4150221645832062,0.8222111463546753,0.5765600800514221,0.7737818956375122,relu,128,0.3,20,10,Adam,2
20,0.36801522970199585,0.8431274890899658,0.5743645429611206,0.7969837784767151,relu,128,0.3,20,10,Adam,4
20,0.4105357527732849,0.8366534113883972,0.5526329874992371,0.7865429520606995,relu,128,0.3,20,10,Adam,6
20,0.6884174942970276,0.7231075763702393,0.6511576175689697,0.7412993311882019,relu,128,0.3,20,10,RMSprop,2
20,0.6347612142562866,0.7355577945709229,0.6810057759284973,0.6832946538925171,relu,128,0.3,20,10,RMSprop,4
20,0.643347978591919,0.7206175327301025,0.7223548889160156,0.7157772779464722,relu,128,0.3,20,10,RMSprop,6
20,0.435320645570755,0.8251991868019104,0.5746546983718872,0.7575405836105347,relu,128,0.3,20,8,Adam,2
20,0.372379869222641,0.8496015667915344,0.623313307762146,0.7772621512413025,relu,128,0.3,20,8,Adam,4
20,0.37440159916877747,0.8640438318252563,0.5743077993392944,0.79350346326828,relu,128,0.3,20,8,Adam,6
20,0.6573730707168579,0.7166334390640259,0.6579793691635132,0.7308584451675415,relu,128,0.3,20,8,RMSprop,2
20,0.575858473777771,0.7649402618408203,0.805857241153717,0.6566125154495239,relu,128,0.3,20,8,RMSprop,4
20,0.5599521398544312,0.7619521617889404,0.6808110475540161,0.73549884557724,relu,128,0.3,20,8,RMSprop,6
20,0.4013689458370209,0.8366534113883972,0.6515148878097534,0.7877030372619629,relu,128,0.3,20,6,Adam,2
20,0.4072696268558502,0.8366534113883972,0.7930189371109009,0.7331786751747131,relu,128,0.3,20,6,Adam,4
20,0.40774986147880554,0.8391434550285339,0.6375126242637634,0.7784222960472107,relu,128,0.3,20,6,Adam,6
20,0.6763706207275391,0.7086653113365173,0.8107208013534546,0.6635730862617493,relu,128,0.3,20,6,RMSprop,2
20,0.709851861000061,0.7131474018096924,0.6443451642990112,0.7389791011810303,relu,128,0.3,20,6,RMSprop,4
20,0.6581138968467712,0.737051784992218,0.6073072552680969,0.7459396719932556,relu,128,0.3,20,6,RMSprop,6
60,0.27549079060554504,0.892430305480957,0.6328893303871155,0.7993039488792419,relu,128,0.3,60,10,Adam,2
60,0.16709093749523163,0.9302788972854614,0.6742266416549683,0.8236659169197083,relu,128,0.3,60,10,Adam,4
60,0.26318082213401794,0.8974103331565857,0.6891796588897705,0.7877030372619629,relu,128,0.3,60,10,Adam,6
60,0.2833520174026489,0.8874502182006836,0.5946709513664246,0.814385175704956,relu,128,0.3,60,10,RMSprop,2
60,0.24291205406188965,0.9058765172958374,0.890173614025116,0.7900232076644897,relu,128,0.3,60,10,RMSprop,4
60,0.18642577528953552,0.9287848472595215,0.5781052708625793,0.8422273993492126,relu,128,0.3,60,10,RMSprop,6
60,0.21921148896217346,0.9193227291107178,0.7187721729278564,0.7969837784767151,relu,128,0.3,60,8,Adam,2
60,0.2315317541360855,0.9083665609359741,0.7885621190071106,0.8004640340805054,relu,128,0.3,60,8,Adam,4
60,0.16413211822509766,0.9427290558815002,0.7097993493080139,0.8225057721138,relu,128,0.3,60,8,Adam,6
60,0.2702868580818176,0.8909362554550171,0.7397878766059875,0.7714617252349854,relu,128,0.3,60,8,RMSprop,2
60,0.19781889021396637,0.9203187227249146,0.9042003750801086,0.6937354803085327,relu,128,0.3,60,8,RMSprop,4
60,0.417407363653183,0.8580677509307861,0.5422237515449524,0.8271461725234985,relu,128,0.3,60,8,RMSprop,6
60,0.2889905273914337,0.9088645577430725,0.7010155916213989,0.7784222960472107,relu,128,0.3,60,6,Adam,2
60,0.17781922221183777,0.9282868504524231,0.8695213794708252,0.810904860496521,relu,128,0.3,60,6,Adam,4
60,0.19270187616348267,0.9337649345397949,0.7055078744888306,0.810904860496521,relu,128,0.3,60,6,Adam,6
60,0.28818467259407043,0.8869521617889404,0.5715228915214539,0.8213456869125366,relu,128,0.3,60,6,RMSprop,2
60,0.23072490096092224,0.9088645577430725,0.6451550722122192,0.8248260021209717,relu,128,0.3,60,6,RMSprop,4
60,0.21617305278778076,0.923804759979248,1.2512292861938477,0.6960557103157043,relu,128,0.3,60,6,RMSprop,6
100,0.30527791380882263,0.8695219159126282,0.9109158515930176,0.7598608136177063,relu,128,0.3,100,10,Adam,2
100,0.1806287169456482,0.9272908568382263,0.7885358929634094,0.7923433780670166,relu,128,0.3,100,10,Adam,4
100,0.30086982250213623,0.8710159659385681,0.7493009567260742,0.7830626368522644,relu,128,0.3,100,10,Adam,6
100,0.08303707838058472,0.9701195359230042,0.7240369915962219,0.8457076549530029,relu,128,0.3,100,10,RMSprop,2
100,0.174154132604599,0.9352589845657349,0.6730716228485107,0.8619489669799805,relu,128,0.3,100,10,RMSprop,4
100,0.18453502655029297,0.9377490282058716,1.4261316061019897,0.7320185899734497,relu,128,0.3,100,10,RMSprop,6
100,0.23524577915668488,0.9153386354446411,0.7934298515319824,0.7761020660400391,relu,128,0.3,100,8,Adam,2
100,0.13300083577632904,0.9526892304420471,0.8547332286834717,0.8027842044830322,relu,128,0.3,100,8,Adam,4
100,0.18483416736125946,0.9352589845657349,0.6692326664924622,0.8051044344902039,relu,128,0.3,100,8,Adam,6
100,0.28934019804000854,0.9213147163391113,0.7178876996040344,0.828306257724762,relu,128,0.3,100,8,RMSprop,2
100,0.18554040789604187,0.9427290558815002,0.6887258887290955,0.8178654313087463,relu,128,0.3,100,8,RMSprop,4
100,0.11592847108840942,0.958167314529419,0.6911832094192505,0.8538283109664917,relu,128,0.3,100,8,RMSprop,6
100,0.23367245495319366,0.9118525981903076,0.7065579891204834,0.8062645196914673,relu,128,0.3,100,6,Adam,2
100,0.15195146203041077,0.9462151527404785,0.8582379221916199,0.7969837784767151,relu,128,0.3,100,6,Adam,4
100,0.28975147008895874,0.8974103331565857,0.6960508823394775,0.7877030372619629,relu,128,0.3,100,6,Adam,6
100,0.19315186142921448,0.9322709441184998,0.6408727765083313,0.8480278253555298,relu,128,0.3,100,6,RMSprop,2
100,0.08526977151632309,0.9701195359230042,0.6500447988510132,0.8364269137382507,relu,128,0.3,100,6,RMSprop,4
100,0.08085750788450241,0.9706175327301025,0.7638851404190063,0.8190255165100098,relu,128,0.3,100,6,RMSprop,6
20,0.6923676133155823,0.6972111463546753,0.6342697739601135,0.7401391863822937,relu,128,0.5,20,10,Adam,2
20,0.754298210144043,0.6613546013832092,0.6839052438735962,0.6925753951072693,relu,128,0.5,20,10,Adam,4
20,0.7792618870735168,0.6439242959022522,0.7271331548690796,0.6879350543022156,relu,128,0.5,20,10,Adam,6
20,0.7857096791267395,0.6444222927093506,0.733280599117279,0.70649653673172,relu,128,0.5,20,10,RMSprop,2
20,0.8165984153747559,0.6349601745605469,0.7829945087432861,0.6763340830802917,relu,128,0.5,20,10,RMSprop,4
20,0.8509809970855713,0.607569694519043,0.7989369630813599,0.6728538274765015,relu,128,0.5,20,10,RMSprop,6
20,0.8253220319747925,0.6105577945709229,0.7212694883346558,0.6983758807182312,relu,128,0.5,20,8,Adam,2
20,0.780029833316803,0.6474103331565857,0.7158963084220886,0.6948955655097961,relu,128,0.5,20,8,Adam,4
20,0.9252970218658447,0.5756971836090088,0.7302881479263306,0.7030162215232849,relu,128,0.5,20,8,Adam,6
20,0.8525570034980774,0.6314740777015686,0.7962624430656433,0.6960557103157043,relu,128,0.5,20,8,RMSprop,2
20,0.7852149605751038,0.6628485918045044,0.7908998131752014,0.689095139503479,relu,128,0.5,20,8,RMSprop,4
20,0.8068572878837585,0.6489043831825256,0.715187132358551,0.6751739978790283,relu,128,0.5,20,8,RMSprop,6
20,0.6871128082275391,0.6837649345397949,0.6492348313331604,0.7296983599662781,relu,128,0.5,20,6,Adam,2
20,0.7490836977958679,0.6369521617889404,0.6711029410362244,0.7296983599662781,relu,128,0.5,20,6,Adam,4
20,0.7598443031311035,0.6583665609359741,0.7140076756477356,0.6809744834899902,relu,128,0.5,20,6,Adam,6
20,0.8145543336868286,0.6414342522621155,0.7582480907440186,0.6798143982887268,relu,128,0.5,20,6,RMSprop,2
20,0.8395698070526123,0.6329681277275085,0.7392445206642151,0.6589326858520508,relu,128,0.5,20,6,RMSprop,4
20,0.8364096879959106,0.6230079531669617,0.7328341603279114,0.7134570479393005,relu,128,0.5,20,6,RMSprop,6
60,0.4782531261444092,0.7813745141029358,0.6031436324119568,0.8016241192817688,relu,128,0.5,60,10,Adam,2
60,0.532813549041748,0.7514940500259399,0.5843020081520081,0.7436195015907288,relu,128,0.5,60,10,Adam,4
60,0.5730443596839905,0.7360557913780212,0.6270797252655029,0.7668213248252869,relu,128,0.5,60,10,Adam,6
60,0.5321019887924194,0.7788844704627991,0.575354814529419,0.7610208988189697,relu,128,0.5,60,10,RMSprop,2
60,0.6128385066986084,0.7490040063858032,0.5667157173156738,0.7877030372619629,relu,128,0.5,60,10,RMSprop,4
60,0.5447483658790588,0.7788844704627991,0.80107581615448,0.6914153099060059,relu,128,0.5,60,10,RMSprop,6
60,0.593243420124054,0.7340637445449829,0.6738263964653015,0.7296983599662781,relu,128,0.5,60,8,Adam,2
60,0.5338746309280396,0.7504979968070984,0.6514862179756165,0.73549884557724,relu,128,0.5,60,8,Adam,4
60,0.6674400568008423,0.6733067631721497,0.6326707005500793,0.7459396719932556,relu,128,0.5,60,8,Adam,6
60,0.48724278807640076,0.800298810005188,0.7029877305030823,0.7146171927452087,relu,128,0.5,60,8,RMSprop,2
60,0.552262008190155,0.7659362554550171,0.5458230972290039,0.7587006688117981,relu,128,0.5,60,8,RMSprop,4
60,0.5919048190116882,0.7275896668434143,0.6914611458778381,0.7552204132080078,relu,128,0.5,60,8,RMSprop,6
60,0.5924320816993713,0.7355577945709229,0.710499107837677,0.685614824295044,relu,128,0.5,60,6,Adam,2
60,0.4946412742137909,0.7938246726989746,0.6126279234886169,0.7331786751747131,relu,128,0.5,60,6,Adam,4
60,0.5504098534584045,0.7529880404472351,0.666549801826477,0.7006960511207581,relu,128,0.5,60,6,Adam,6
60,0.5603725910186768,0.7649402618408203,0.6111149787902832,0.7691415548324585,relu,128,0.5,60,6,RMSprop,2
60,0.5820667743682861,0.745517909526825,0.5993899703025818,0.7505800724029541,relu,128,0.5,60,6,RMSprop,4
60,0.5786285996437073,0.7475099563598633,0.6000666618347168,0.7412993311882019,relu,128,0.5,60,6,RMSprop,6
100,0.5477680563926697,0.7395418286323547,0.8262383341789246,0.6473317742347717,relu,128,0.5,100,10,Adam,2
100,0.4398411512374878,0.8112549781799316,0.7202910780906677,0.7424594163894653,relu,128,0.5,100,10,Adam,4
100,0.5031754970550537,0.7853585481643677,0.7967256903648376,0.6832946538925171,relu,128,0.5,100,10,Adam,6
100,0.5684109330177307,0.7519920468330383,0.5783204436302185,0.7540603280067444,relu,128,0.5,100,10,RMSprop,2
100,0.3813765048980713,0.8545816540718079,0.6173853278160095,0.7900232076644897,relu,128,0.5,100,10,RMSprop,4
100,0.4238663911819458,0.8147410154342651,0.7799280881881714,0.7250580191612244,relu,128,0.5,100,10,RMSprop,6
100,0.4492262303829193,0.8097609281539917,0.9268811345100403,0.7122969627380371,relu,128,0.5,100,8,Adam,2
100,0.47765931487083435,0.7963147163391113,0.9233608245849609,0.7053364515304565,relu,128,0.5,100,8,Adam,4
100,0.6584740877151489,0.7076693177223206,0.8755692839622498,0.6937354803085327,relu,128,0.5,100,8,Adam,6
100,0.37868818640708923,0.8426294922828674,0.6905304193496704,0.7598608136177063,relu,128,0.5,100,8,RMSprop,2
100,0.5564470291137695,0.8212151527404785,0.5833520889282227,0.7540603280067444,relu,128,0.5,100,8,RMSprop,4
100,0.43094637989997864,0.8232071995735168,0.973137378692627,0.7088167071342468,relu,128,0.5,100,8,RMSprop,6
100,0.5268024802207947,0.7490040063858032,0.6269762516021729,0.747099757194519,relu,128,0.5,100,6,Adam,2
100,0.6539154648780823,0.7330677509307861,0.8661532998085022,0.6948955655097961,relu,128,0.5,100,6,Adam,4
100,0.5858328938484192,0.7639442086219788,0.8210024237632751,0.621809720993042,relu,128,0.5,100,6,Adam,6
100,0.3511091470718384,0.8560757040977478,0.5841051936149597,0.8039442896842957,relu,128,0.5,100,6,RMSprop,2
100,0.411277711391449,0.8172310590744019,0.6039574146270752,0.8016241192817688,relu,128,0.5,100,6,RMSprop,4
100,0.46206390857696533,0.81175297498703,0.6704045534133911,0.7250580191612244,relu,128,0.5,100,6,RMSprop,6
20,0.7259119749069214,0.6558765172958374,0.7786206007003784,0.6647331714630127,tanh,32,0.3,20,10,Adam,2
20,0.7068639993667603,0.644920289516449,0.8583853840827942,0.6577726006507874,tanh,32,0.3,20,10,Adam,4
20,0.7489171624183655,0.6409362554550171,0.7793479561805725,0.6670533418655396,tanh,32,0.3,20,10,Adam,6
20,0.5411400198936462,0.7788844704627991,0.6993114352226257,0.7285382747650146,tanh,32,0.3,20,10,RMSprop,2
20,0.5544847846031189,0.7813745141029358,0.5835699439048767,0.7761020660400391,tanh,32,0.3,20,10,RMSprop,4
20,0.5524640679359436,0.7778884172439575,0.7616456747055054,0.6589326858520508,tanh,32,0.3,20,10,RMSprop,6
20,0.7140112519264221,0.6553784608840942,0.7582059502601624,0.6670533418655396,tanh,32,0.3,20,8,Adam,2
20,0.7784264087677002,0.6269920468330383,0.8030136823654175,0.6322506070137024,tanh,32,0.3,20,8,Adam,4
20,0.7044844627380371,0.6484063863754272,0.8175654411315918,0.6647331714630127,tanh,32,0.3,20,8,Adam,6
20,0.5281856656074524,0.787350594997406,0.8470184206962585,0.6763340830802917,tanh,32,0.3,20,8,RMSprop,2
20,0.5705236792564392,0.7704183459281921,0.6016300916671753,0.781902551651001,tanh,32,0.3,20,8,RMSprop,4
20,0.5380178689956665,0.769920289516449,0.852315366268158,0.6624130010604858,tanh,32,0.3,20,8,RMSprop,6
20,0.6673121452331543,0.7056772708892822,0.7183942198753357,0.7018561363220215,tanh,32,0.3,20,6,Adam,2
20,0.6333545446395874,0.7390438318252563,0.6947510242462158,0.7204176187515259,tanh,32,0.3,20,6,Adam,4
20,0.7140446305274963,0.6518924236297607,0.9557671546936035,0.6229698657989502,tanh,32,0.3,20,6,Adam,6
20,0.5190067291259766,0.7928286790847778,0.6167104244232178,0.76450115442276,tanh,32,0.3,20,6,RMSprop,2
20,0.5356261134147644,0.7788844704627991,0.6761439442634583,0.7587006688117981,tanh,32,0.3,20,6,RMSprop,4
20,0.5173180103302002,0.7953187227249146,0.8826590180397034,0.6879350543022156,tanh,32,0.3,20,6,RMSprop,6
60,0.3510763645172119,0.8680278658866882,0.6815813183784485,0.7807424664497375,tanh,32,0.3,60,10,Adam,2
60,0.44961580634117126,0.8152390718460083,0.6709693670272827,0.7540603280067444,tanh,32,0.3,60,10,Adam,4
60,0.6333538889884949,0.6837649345397949,0.7514019012451172,0.689095139503479,tanh,32,0.3,60,10,Adam,6
60,0.22354432940483093,0.9218127727508545,0.5565876960754395,0.839907169342041,tanh,32,0.3,60,10,RMSprop,2
60,0.2615562677383423,0.9043824672698975,0.576750636100769,0.7969837784767151,tanh,32,0.3,60,10,RMSprop,4
60,0.2418314665555954,0.9178286790847778,0.5804826617240906,0.8259860873222351,tanh,32,0.3,60,10,RMSprop,6
60,0.552697479724884,0.7131474018096924,0.7228336334228516,0.685614824295044,tanh,32,0.3,60,8,Adam,2
60,0.6067820191383362,0.6812748908996582,0.7517857551574707,0.6624130010604858,tanh,32,0.3,60,8,Adam,4
60,0.6073139309883118,0.6922310590744019,0.7383365631103516,0.6879350543022156,tanh,32,0.3,60,8,Adam,6
60,0.2001793384552002,0.93675297498703,0.6217079162597656,0.8004640340805054,tanh,32,0.3,60,8,RMSprop,2
60,0.28416550159454346,0.8954183459281921,0.5716555714607239,0.810904860496521,tanh,32,0.3,60,8,RMSprop,4
60,0.28021255135536194,0.894920289516449,0.7719904780387878,0.7505800724029541,tanh,32,0.3,60,8,RMSprop,6
60,0.5954887270927429,0.7021912336349487,0.7625192999839783,0.6519721746444702,tanh,32,0.3,60,6,Adam,2
60,0.5043462514877319,0.7878485918045044,0.7087770104408264,0.7436195015907288,tanh,32,0.3,60,6,Adam,4
60,0.5661950707435608,0.7330677509307861,0.6714380383491516,0.7111368775367737,tanh,32,0.3,60,6,Adam,6
60,0.2354663610458374,0.9143426418304443,0.4985794425010681,0.839907169342041,tanh,32,0.3,60,6,RMSprop,2
60,0.24573685228824615,0.9143426418304443,0.5424305200576782,0.8248260021209717,tanh,32,0.3,60,6,RMSprop,4
60,0.24593597650527954,0.9133465886116028,0.5674771666526794,0.8120649456977844,tanh,32,0.3,60,6,RMSprop,6
100,0.5469280481338501,0.7265936136245728,0.7106244564056396,0.6879350543022156,tanh,32,0.3,100,10,Adam,2
100,0.35809963941574097,0.8655378222465515,0.7598395347595215,0.7679814100265503,tanh,32,0.3,100,10,Adam,4
100,0.43341657519340515,0.8162350654602051,0.7464714050292969,0.7308584451675415,tanh,32,0.3,100,10,Adam,6
100,0.15312251448631287,0.9506971836090088,0.5827727317810059,0.8433874845504761,tanh,32,0.3,100,10,RMSprop,2
100,0.1511089950799942,0.9482071995735168,0.5881519913673401,0.8225057721138,tanh,32,0.3,100,10,RMSprop,4
100,0.20745781064033508,0.9332669377326965,0.5815286040306091,0.8352668285369873,tanh,32,0.3,100,10,RMSprop,6
100,0.553197979927063,0.7016932368278503,0.8066808581352234,0.6519721746444702,tanh,32,0.3,100,8,Adam,2
100,0.6642802953720093,0.6434262990951538,0.7633817195892334,0.6658932566642761,tanh,32,0.3,100,8,Adam,4
100,0.47788500785827637,0.782868504524231,0.7078766822814941,0.7285382747650146,tanh,32,0.3,100,8,Adam,6
100,0.1544201672077179,0.9482071995735168,0.6021759510040283,0.828306257724762,tanh,32,0.3,100,8,RMSprop,2
100,0.14746566116809845,0.9467131495475769,0.7353077530860901,0.8155452609062195,tanh,32,0.3,100,8,RMSprop,4
100,0.15585792064666748,0.9467131495475769,0.5690649747848511,0.8364269137382507,tanh,32,0.3,100,8,RMSprop,6
100,0.5273904800415039,0.7076693177223206,0.7227481603622437,0.689095139503479,tanh,32,0.3,100,6,Adam,2
100,0.5799027681350708,0.7086653113365173,0.7206777930259705,0.7076566219329834,tanh,32,0.3,100,6,Adam,4
100,0.5784649848937988,0.701195240020752,0.7675268054008484,0.6740139126777649,tanh,32,0.3,100,6,Adam,6
100,0.1768946498632431,0.9397410154342651,0.5251314640045166,0.839907169342041,tanh,32,0.3,100,6,RMSprop,2
100,0.16035959124565125,0.9437251091003418,0.6034502983093262,0.8341067433357239,tanh,32,0.3,100,6,RMSprop,4
100,0.16591137647628784,0.9472111463546753,0.6234104037284851,0.828306257724762,tanh,32,0.3,100,6,RMSprop,6
20,0.9045925736427307,0.5672310590744019,0.8439710140228271,0.6276102066040039,tanh,32,0.5,20,10,Adam,2
20,0.9040692448616028,0.5722111463546753,0.8819351196289062,0.5440835356712341,tanh,32,0.5,20,10,Adam,4
20,0.868943452835083,0.6015936136245728,0.9007192254066467,0.6345707774162292,tanh,32,0.5,20,10,Adam,6
20,0.7467249035835266,0.649402379989624,0.7680956721305847,0.6624130010604858,tanh,32,0.5,20,10,RMSprop,2
20,0.7352961301803589,0.650896430015564,0.7918638586997986,0.6693735718727112,tanh,32,0.5,20,10,RMSprop,4
20,0.7686995267868042,0.6389442086219788,0.810958981513977,0.671693742275238,tanh,32,0.5,20,10,RMSprop,6
20,0.8589756488800049,0.5826693177223206,0.8399348258972168,0.6577726006507874,tanh,32,0.5,20,8,Adam,2
20,0.9283661246299744,0.5498008131980896,0.8506894707679749,0.6310904622077942,tanh,32,0.5,20,8,Adam,4
20,0.8940815329551697,0.5627490282058716,0.803874135017395,0.6438515186309814,tanh,32,0.5,20,8,Adam,6
20,0.7245292663574219,0.6653386354446411,0.7649361491203308,0.6914153099060059,tanh,32,0.5,20,8,RMSprop,2
20,0.7660260200500488,0.6394422054290771,0.8207268118858337,0.6450116038322449,tanh,32,0.5,20,8,RMSprop,4
20,0.7798672914505005,0.6444222927093506,0.7879027724266052,0.6670533418655396,tanh,32,0.5,20,8,RMSprop,6
20,0.8702089786529541,0.5971115827560425,0.817112147808075,0.6461716890335083,tanh,32,0.5,20,6,Adam,2
20,0.9073817133903503,0.5572709441184998,0.8525835871696472,0.592807412147522,tanh,32,0.5,20,6,Adam,4
20,0.9217764139175415,0.5572709441184998,0.9291669130325317,0.5382830500602722,tanh,32,0.5,20,6,Adam,6
20,0.7650299072265625,0.6384462118148804,0.8343128561973572,0.6357308626174927,tanh,32,0.5,20,6,RMSprop,2
20,0.759596049785614,0.6568725109100342,0.9584782719612122,0.6508120894432068,tanh,32,0.5,20,6,RMSprop,4
20,0.7810845971107483,0.6299800872802734,0.9275372624397278,0.5835266709327698,tanh,32,0.5,20,6,RMSprop,6
60,0.7904025316238403,0.6240040063858032,0.7383376359939575,0.6554524302482605,tanh,32,0.5,60,10,Adam,2
60,0.7363573908805847,0.6289840340614319,0.7678284049034119,0.6612529158592224,tanh,32,0.5,60,10,Adam,4
60,0.7161904573440552,0.6319721341133118,0.8763236403465271,0.6160092949867249,tanh,32,0.5,60,10,Adam,6
60,0.4166214168071747,0.8496015667915344,0.6014449596405029,0.7865429520606995,tanh,32,0.5,60,10,RMSprop,2
60,0.41687092185020447,0.8476095795631409,0.6033238172531128,0.7958236932754517,tanh,32,0.5,60,10,RMSprop,4
60,0.4438135623931885,0.8251991868019104,0.6447734236717224,0.7853828072547913,tanh,32,0.5,60,10,RMSprop,6
60,0.7498205304145813,0.6359561681747437,0.7547692656517029,0.6519721746444702,tanh,32,0.5,60,8,Adam,2
60,0.7355342507362366,0.6269920468330383,0.7611517906188965,0.6566125154495239,tanh,32,0.5,60,8,Adam,4
60,0.7623630166053772,0.6230079531669617,0.763584315776825,0.6589326858520508,tanh,32,0.5,60,8,Adam,6
60,0.4391411244869232,0.8177290558815002,0.5900807976722717,0.79350346326828,tanh,32,0.5,60,8,RMSprop,2
60,0.4484430253505707,0.8212151527404785,0.5684031248092651,0.7958236932754517,tanh,32,0.5,60,8,RMSprop,4
60,0.49112629890441895,0.7903386354446411,0.6355523467063904,0.7621809840202332,tanh,32,0.5,60,8,RMSprop,6
60,0.7281137704849243,0.6439242959022522,0.7927148938179016,0.6461716890335083,tanh,32,0.5,60,6,Adam,2
60,0.7571079730987549,0.6220119595527649,0.7549782395362854,0.6774942278862,tanh,32,0.5,60,6,Adam,4
60,0.7832186818122864,0.6195219159126282,0.8217130303382874,0.6450116038322449,tanh,32,0.5,60,6,Adam,6
60,0.4499627649784088,0.8192231059074402,0.6762293577194214,0.7633410692214966,tanh,32,0.5,60,6,RMSprop,2
60,0.4472889006137848,0.8147410154342651,0.6848341226577759,0.7703016400337219,tanh,32,0.5,60,6,RMSprop,4
60,0.45611944794654846,0.8237051963806152,0.6193528175354004,0.7946635484695435,tanh,32,0.5,60,6,RMSprop,6
100,0.6935508251190186,0.6548804640769958,0.8496721982955933,0.6624130010604858,tanh,32,0.5,100,10,Adam,2
100,0.6987025141716003,0.636454164981842,0.715457558631897,0.6740139126777649,tanh,32,0.5,100,10,Adam,4
100,0.6590925455093384,0.6593625545501709,0.7398015260696411,0.6589326858520508,tanh,32,0.5,100,10,Adam,6
100,0.34452781081199646,0.8799800872802734,0.6396366953849792,0.7888631224632263,tanh,32,0.5,100,10,RMSprop,2
100,0.3058990240097046,0.8934262990951538,0.5765955448150635,0.7900232076644897,tanh,32,0.5,100,10,RMSprop,4
100,0.3040120005607605,0.8874502182006836,0.5807409286499023,0.8190255165100098,tanh,32,0.5,100,10,RMSprop,6
100,0.6067211031913757,0.6977091431617737,0.7661787271499634,0.671693742275238,tanh,32,0.5,100,8,Adam,2
100,0.667950451374054,0.657868504524231,0.7137619853019714,0.6635730862617493,tanh,32,0.5,100,8,Adam,4
100,0.6475945711135864,0.6777888536453247,0.7385087013244629,0.6821345686912537,tanh,32,0.5,100,8,Adam,6
100,0.327673077583313,0.8759959936141968,0.5846258401870728,0.828306257724762,tanh,32,0.5,100,8,RMSprop,2
100,0.295807421207428,0.899402379989624,0.515916109085083,0.8364269137382507,tanh,32,0.5,100,8,RMSprop,4
100,0.27264705300331116,0.8914342522621155,0.5567441582679749,0.8074246048927307,tanh,32,0.5,100,8,RMSprop,6
100,0.7308615446090698,0.6175298690795898,0.7579759359359741,0.6624130010604858,tanh,32,0.5,100,6,Adam,2
100,0.6909219026565552,0.6439242959022522,0.7708818316459656,0.671693742275238,tanh,32,0.5,100,6,Adam,4
100,0.7859566807746887,0.6080677509307861,0.7153267860412598,0.6670533418655396,tanh,32,0.5,100,6,Adam,6
100,0.2707790434360504,0.9003984332084656,0.5686445832252502,0.810904860496521,tanh,32,0.5,100,6,RMSprop,2
100,0.3119434714317322,0.8899402618408203,0.6121222376823425,0.8120649456977844,tanh,32,0.5,100,6,RMSprop,4
100,0.2923775017261505,0.8944222927093506,0.6091644763946533,0.810904860496521,tanh,32,0.5,100,6,RMSprop,6
20,0.58351731300354,0.7569721341133118,0.7475401163101196,0.718097448348999,tanh,64,0.3,20,10,Adam,2
20,0.502815306186676,0.7883465886116028,0.7784861326217651,0.7296983599662781,tanh,64,0.3,20,10,Adam,4
20,0.651797890663147,0.6762948036193848,0.756450891494751,0.6113688945770264,tanh,64,0.3,20,10,Adam,6
20,0.6410142183303833,0.7380478382110596,0.679098904132843,0.7447795867919922,tanh,64,0.3,20,10,RMSprop,2
20,0.6172372698783875,0.7470119595527649,0.8462921380996704,0.6380510330200195,tanh,64,0.3,20,10,RMSprop,4
20,0.5526031255722046,0.7768924236297607,0.8104602694511414,0.6995359659194946,tanh,64,0.3,20,10,RMSprop,6
20,0.6106852293014526,0.7221115827560425,0.7443204522132874,0.6995359659194946,tanh,64,0.3,20,8,Adam,2
20,0.5458038449287415,0.7644422054290771,0.6287152767181396,0.7447795867919922,tanh,64,0.3,20,8,Adam,4
20,0.4558144807815552,0.8177290558815002,0.6839866638183594,0.7343387603759766,tanh,64,0.3,20,8,Adam,6
20,0.555737316608429,0.7778884172439575,0.8912420272827148,0.7122969627380371,tanh,64,0.3,20,8,RMSprop,2
20,0.5701902508735657,0.7709163427352905,1.3703540563583374,0.49187934398651123,tanh,64,0.3,20,8,RMSprop,4
20,0.5791649222373962,0.7644422054290771,0.839743971824646,0.6960557103157043,tanh,64,0.3,20,8,RMSprop,6
20,0.47941985726356506,0.7958167195320129,0.7597167491912842,0.7285382747650146,tanh,64,0.3,20,6,Adam,2
20,0.6262351870536804,0.68675297498703,0.7583426237106323,0.6693735718727112,tanh,64,0.3,20,6,Adam,4
20,0.6324853897094727,0.6787848472595215,0.7370824217796326,0.6740139126777649,tanh,64,0.3,20,6,Adam,6
20,0.579227089881897,0.7649402618408203,0.775596022605896,0.7053364515304565,tanh,64,0.3,20,6,RMSprop,2
20,0.5396732091903687,0.7729083895683289,0.9830510020256042,0.6171693801879883,tanh,64,0.3,20,6,RMSprop,4
20,0.5953376889228821,0.7569721341133118,0.6699575781822205,0.7273781895637512,tanh,64,0.3,20,6,RMSprop,6
60,0.19233065843582153,0.93675297498703,0.6895728707313538,0.8120649456977844,tanh,64,0.3,60,10,Adam,2
60,0.24511539936065674,0.9068725109100342,0.6400582790374756,0.7993039488792419,tanh,64,0.3,60,10,Adam,4
60,0.25835177302360535,0.8954183459281921,0.6428354978561401,0.8074246048927307,tanh,64,0.3,60,10,Adam,6
60,0.22360485792160034,0.9203187227249146,0.527077317237854,0.8190255165100098,tanh,64,0.3,60,10,RMSprop,2
60,0.2820301651954651,0.9053784608840942,0.48299047350883484,0.8480278253555298,tanh,64,0.3,60,10,RMSprop,4
60,0.22372967004776,0.9173306822776794,0.8279545903205872,0.7761020660400391,tanh,64,0.3,60,10,RMSprop,6
60,0.21325933933258057,0.9193227291107178,0.683860182762146,0.7969837784767151,tanh,64,0.3,60,8,Adam,2
60,0.35879576206207275,0.8715139627456665,0.769943118095398,0.7621809840202332,tanh,64,0.3,60,8,Adam,4
60,0.2746899127960205,0.8964143395423889,0.6858055591583252,0.781902551651001,tanh,64,0.3,60,8,Adam,6
60,0.23188768327236176,0.9213147163391113,1.2139201164245605,0.7111368775367737,tanh,64,0.3,60,8,RMSprop,2
60,0.2224363386631012,0.9223107695579529,0.7166062593460083,0.7714617252349854,tanh,64,0.3,60,8,RMSprop,4
60,0.2341158092021942,0.9148406386375427,0.7751001715660095,0.7563804984092712,tanh,64,0.3,60,8,RMSprop,6
60,0.22593770921230316,0.9193227291107178,0.6696527600288391,0.8062645196914673,tanh,64,0.3,60,6,Adam,2
60,0.2680038511753082,0.9023904204368591,0.7431590557098389,0.7679814100265503,tanh,64,0.3,60,6,Adam,4
60,0.22169452905654907,0.9203187227249146,0.723008394241333,0.7923433780670166,tanh,64,0.3,60,6,Adam,6
60,0.24694505333900452,0.9093625545501709,0.5452746152877808,0.8155452609062195,tanh,64,0.3,60,6,RMSprop,2
60,0.21348290145397186,0.9188246726989746,0.5752874612808228,0.8178654313087463,tanh,64,0.3,60,6,RMSprop,4
60,0.22404839098453522,0.9218127727508545,0.48403850197792053,0.839907169342041,tanh,64,0.3,60,6,RMSprop,6
100,0.2314341515302658,0.9133465886116028,0.7924395203590393,0.7877030372619629,tanh,64,0.3,100,10,Adam,2
100,0.20198263227939606,0.9272908568382263,0.7870273590087891,0.7761020660400391,tanh,64,0.3,100,10,Adam,4
100,0.21342694759368896,0.929780900478363,0.6502116322517395,0.8097447752952576,tanh,64,0.3,100,10,Adam,6
100,0.135680690407753,0.9506971836090088,0.4778440296649933,0.8689095377922058,tanh,64,0.3,100,10,RMSprop,2
100,0.16002488136291504,0.945219099521637,0.6629804372787476,0.8062645196914673,tanh,64,0.3,100,10,RMSprop,4
100,0.14345385134220123,0.9531872272491455,0.6598336696624756,0.8457076549530029,tanh,64,0.3,100,10,RMSprop,6
100,0.20875386893749237,0.9228087663650513,0.830522358417511,0.7853828072547913,tanh,64,0.3,100,8,Adam,2
100,0.18505388498306274,0.9267928004264832,0.7316452860832214,0.79350346326828,tanh,64,0.3,100,8,Adam,4
100,0.1433258354663849,0.9492031931877136,0.9064271450042725,0.7877030372619629,tanh,64,0.3,100,8,Adam,6
100,0.20213449001312256,0.9317728877067566,0.49500811100006104,0.8631090521812439,tanh,64,0.3,100,8,RMSprop,2
100,0.1649874746799469,0.9462151527404785,0.7702153921127319,0.8016241192817688,tanh,64,0.3,100,8,RMSprop,4
100,0.12596777081489563,0.9536852836608887,0.8093147873878479,0.7842227220535278,tanh,64,0.3,100,8,RMSprop,6
100,0.2338269203901291,0.9193227291107178,0.7692320346832275,0.8016241192817688,tanh,64,0.3,100,6,Adam,2
100,0.19536899030208588,0.9267928004264832,0.6840858459472656,0.8027842044830322,tanh,64,0.3,100,6,Adam,4
100,0.21653854846954346,0.9228087663650513,0.808734655380249,0.7784222960472107,tanh,64,0.3,100,6,Adam,6
100,0.14588609337806702,0.9516932368278503,0.5615783333778381,0.8491879105567932,tanh,64,0.3,100,6,RMSprop,2
100,0.20319049060344696,0.9342629313468933,0.5009534358978271,0.8515081405639648,tanh,64,0.3,100,6,RMSprop,4
100,0.15805046260356903,0.9427290558815002,0.6891728639602661,0.8120649456977844,tanh,64,0.3,100,6,RMSprop,6
20,0.7907779812812805,0.6384462118148804,0.7729796767234802,0.6740139126777649,tanh,64,0.5,20,10,Adam,2
20,0.7514409422874451,0.6329681277275085,0.7482631802558899,0.6914153099060059,tanh,64,0.5,20,10,Adam,4
20,0.7488919496536255,0.6444222927093506,0.7867395281791687,0.6832946538925171,tanh,64,0.5,20,10,Adam,6
20,0.7803863883018494,0.6344621777534485,0.8167795538902283,0.6658932566642761,tanh,64,0.5,20,10,RMSprop,2
20,0.7498058676719666,0.6658366322517395,0.8470828533172607,0.6438515186309814,tanh,64,0.5,20,10,RMSprop,4
20,0.7673778533935547,0.6513944268226624,0.8436904549598694,0.6902552247047424,tanh,64,0.5,20,10,RMSprop,6
20,0.765097439289093,0.6434262990951538,0.853064239025116,0.6670533418655396,tanh,64,0.5,20,8,Adam,2
20,0.7872495651245117,0.6374502182006836,0.8222774267196655,0.6832946538925171,tanh,64,0.5,20,8,Adam,4
20,0.7721176743507385,0.6359561681747437,0.7822921276092529,0.6612529158592224,tanh,64,0.5,20,8,Adam,6
20,0.7606767416000366,0.6484063863754272,0.8166168928146362,0.6531322598457336,tanh,64,0.5,20,8,RMSprop,2
20,0.7774460315704346,0.6464143395423889,0.752902626991272,0.7099767923355103,tanh,64,0.5,20,8,RMSprop,4
20,0.7561869025230408,0.6558765172958374,0.836598813533783,0.6925753951072693,tanh,64,0.5,20,8,RMSprop,6
20,0.7924219369888306,0.6329681277275085,0.8385545015335083,0.6519721746444702,tanh,64,0.5,20,6,Adam,2
20,0.7487561702728271,0.6429283022880554,0.7835296988487244,0.6774942278862,tanh,64,0.5,20,6,Adam,4
20,0.8119650483131409,0.6130478382110596,0.8115867972373962,0.6148492097854614,tanh,64,0.5,20,6,Adam,6
20,0.7547272443771362,0.6454183459281921,0.759701132774353,0.6624130010604858,tanh,64,0.5,20,6,RMSprop,2
20,0.7392609715461731,0.68675297498703,0.8423977494239807,0.6635730862617493,tanh,64,0.5,20,6,RMSprop,4
20,0.769325852394104,0.6553784608840942,0.8208791613578796,0.6624130010604858,tanh,64,0.5,20,6,RMSprop,6
60,0.5916744470596313,0.732569694519043,0.7194974422454834,0.7099767923355103,tanh,64,0.5,60,10,Adam,2
60,0.6509692072868347,0.6837649345397949,0.7653374075889587,0.6751739978790283,tanh,64,0.5,60,10,Adam,4
60,0.54184889793396,0.7465139627456665,0.6711289882659912,0.7320185899734497,tanh,64,0.5,60,10,Adam,6
60,0.39853501319885254,0.8431274890899658,0.6258726716041565,0.7969837784767151,tanh,64,0.5,60,10,RMSprop,2
60,0.41587939858436584,0.8431274890899658,0.5373674631118774,0.7958236932754517,tanh,64,0.5,60,10,RMSprop,4
60,0.40152543783187866,0.8381474018096924,0.8549683094024658,0.7227378487586975,tanh,64,0.5,60,10,RMSprop,6
60,0.64438396692276,0.6912350654602051,0.7567684054374695,0.6902552247047424,tanh,64,0.5,60,8,Adam,2
60,0.603289783000946,0.7101593613624573,0.7032787203788757,0.7227378487586975,tanh,64,0.5,60,8,Adam,4
60,0.6890527606010437,0.6503984332084656,0.768187403678894,0.671693742275238,tanh,64,0.5,60,8,Adam,6
60,0.3808692395687103,0.8540836572647095,0.6507281064987183,0.781902551651001,tanh,64,0.5,60,8,RMSprop,2
60,0.40063491463661194,0.8441234827041626,0.6014683842658997,0.8051044344902039,tanh,64,0.5,60,8,RMSprop,4
60,0.42888709902763367,0.8341633677482605,0.6256769299507141,0.7865429520606995,tanh,64,0.5,60,8,RMSprop,6
60,0.6123828291893005,0.711155354976654,0.7389691472053528,0.7169373631477356,tanh,64,0.5,60,6,Adam,2
60,0.6411904096603394,0.6977091431617737,0.6819754838943481,0.6960557103157043,tanh,64,0.5,60,6,Adam,4
60,0.6149600744247437,0.6812748908996582,0.7804718613624573,0.6728538274765015,tanh,64,0.5,60,6,Adam,6
60,0.3968546390533447,0.8510956168174744,0.6402745246887207,0.8027842044830322,tanh,64,0.5,60,6,RMSprop,2
60,0.40826132893562317,0.8461155295372009,1.221043586730957,0.6763340830802917,tanh,64,0.5,60,6,RMSprop,4
60,0.4478653073310852,0.8276892304420471,0.6933755278587341,0.73549884557724,tanh,64,0.5,60,6,RMSprop,6
100,0.4324468970298767,0.8182271122932434,0.7333496809005737,0.7575405836105347,tanh,64,0.5,100,10,Adam,2
100,0.5139407515525818,0.7564740777015686,0.7528089880943298,0.7018561363220215,tanh,64,0.5,100,10,Adam,4
100,0.6333221197128296,0.6743028163909912,0.7305926084518433,0.6635730862617493,tanh,64,0.5,100,10,Adam,6
100,0.3139508366584778,0.8764940500259399,0.5413899421691895,0.8201856017112732,tanh,64,0.5,100,10,RMSprop,2
100,0.27604568004608154,0.8984063863754272,0.5387019515037537,0.8375869989395142,tanh,64,0.5,100,10,RMSprop,4
100,0.22336319088935852,0.9218127727508545,0.7206032276153564,0.8132250308990479,tanh,64,0.5,100,10,RMSprop,6
100,0.46493804454803467,0.8157370686531067,0.7266812920570374,0.7610208988189697,tanh,64,0.5,100,8,Adam,2
100,0.5154497027397156,0.7973107695579529,0.674238383769989,0.7703016400337219,tanh,64,0.5,100,8,Adam,4
100,0.5721511244773865,0.7191234827041626,0.748079776763916,0.689095139503479,tanh,64,0.5,100,8,Adam,6
100,0.287102609872818,0.8954183459281921,0.7956045866012573,0.7621809840202332,tanh,64,0.5,100,8,RMSprop,2
100,0.26431649923324585,0.9018924236297607,0.6041851043701172,0.8120649456977844,tanh,64,0.5,100,8,RMSprop,4
100,0.23638805747032166,0.9203187227249146,0.5875943899154663,0.8271461725234985,tanh,64,0.5,100,8,RMSprop,6
100,0.5509881377220154,0.7076693177223206,0.7123686671257019,0.7018561363220215,tanh,64,0.5,100,6,Adam,2
100,0.5151538848876953,0.7405378222465515,0.7348626255989075,0.7099767923355103,tanh,64,0.5,100,6,Adam,4
100,0.48000913858413696,0.791832685470581,0.6659079194068909,0.7621809840202332,tanh,64,0.5,100,6,Adam,6
100,0.2631394863128662,0.9103585481643677,0.5231956839561462,0.8329466581344604,tanh,64,0.5,100,6,RMSprop,2
100,0.2776789665222168,0.8969123363494873,0.5206531286239624,0.8248260021209717,tanh,64,0.5,100,6,RMSprop,4
100,0.26719433069229126,0.9038844704627991,0.6747097969055176,0.7853828072547913,tanh,64,0.5,100,6,RMSprop,6
20,0.4738091230392456,0.8072709441184998,0.683738112449646,0.7424594163894653,tanh,128,0.3,20,10,Adam,2
20,0.5146775841712952,0.7818725109100342,0.6499990820884705,0.7598608136177063,tanh,128,0.3,20,10,Adam,4
20,0.4645792543888092,0.8147410154342651,0.6448578834533691,0.7505800724029541,tanh,128,0.3,20,10,Adam,6
20,0.6991753578186035,0.711155354976654,0.8273826241493225,0.6635730862617493,tanh,128,0.3,20,10,RMSprop,2
20,0.6825360655784607,0.7275896668434143,0.7088437080383301,0.7238979339599609,tanh,128,0.3,20,10,RMSprop,4
20,0.7072489261627197,0.6987051963806152,0.8690042495727539,0.6183294653892517,tanh,128,0.3,20,10,RMSprop,6
20,0.39904168248176575,0.8456175327301025,0.7022656202316284,0.7610208988189697,tanh,128,0.3,20,8,Adam,2
20,0.39369580149650574,0.8500996232032776,0.609076201915741,0.7946635484695435,tanh,128,0.3,20,8,Adam,4
20,0.4786490797996521,0.81175297498703,0.8480522632598877,0.7088167071342468,tanh,128,0.3,20,8,Adam,6
20,0.6973629593849182,0.7146414518356323,0.6921823024749756,0.718097448348999,tanh,128,0.3,20,8,RMSprop,2
20,0.6601487994194031,0.7345617413520813,0.7238160371780396,0.6624130010604858,tanh,128,0.3,20,8,RMSprop,4
20,0.7282949686050415,0.6862549781799316,0.671271562576294,0.718097448348999,tanh,128,0.3,20,8,RMSprop,6
20,0.554492175579071,0.7604581713676453,0.7161489129066467,0.7273781895637512,tanh,128,0.3,20,6,Adam,2
20,0.5516811013221741,0.7375497817993164,0.6916512250900269,0.7273781895637512,tanh,128,0.3,20,6,Adam,4
20,0.43345269560813904,0.8192231059074402,0.7111899256706238,0.7273781895637512,tanh,128,0.3,20,6,Adam,6
20,0.7084250450134277,0.7016932368278503,0.6727434396743774,0.7273781895637512,tanh,128,0.3,20,6,RMSprop,2
20,0.6410050392150879,0.7375497817993164,0.8945936560630798,0.6821345686912537,tanh,128,0.3,20,6,RMSprop,4
20,0.7007898092269897,0.7191234827041626,0.7628992795944214,0.7111368775367737,tanh,128,0.3,20,6,RMSprop,6
60,0.1414538323879242,0.945219099521637,0.7233031392097473,0.8085846900939941,tanh,128,0.3,60,10,Adam,2
60,0.1325850784778595,0.9546812772750854,0.7004148960113525,0.8236659169197083,tanh,128,0.3,60,10,Adam,4
60,0.09795943647623062,0.967131495475769,0.7625157237052917,0.8051044344902039,tanh,128,0.3,60,10,Adam,6
60,0.31337976455688477,0.8889442086219788,1.2072113752365112,0.6740139126777649,tanh,128,0.3,60,10,RMSprop,2
60,0.34134259819984436,0.8759959936141968,0.6652883291244507,0.7830626368522644,tanh,128,0.3,60,10,RMSprop,4
60,0.3658219873905182,0.8660358786582947,0.544194757938385,0.810904860496521,tanh,128,0.3,60,10,RMSprop,6
60,0.13529904186725616,0.9541832804679871,0.790420651435852,0.8190255165100098,tanh,128,0.3,60,8,Adam,2
60,0.10330594331026077,0.9636453986167908,0.7656901478767395,0.8190255165100098,tanh,128,0.3,60,8,Adam,4
60,0.1511715054512024,0.9442231059074402,0.7834610939025879,0.8201856017112732,tanh,128,0.3,60,8,Adam,6
60,0.3097144663333893,0.8959163427352905,0.3982280492782593,0.8526682257652283,tanh,128,0.3,60,8,RMSprop,2
60,0.3297872841358185,0.8774900436401367,0.5811933875083923,0.7969837784767151,tanh,128,0.3,60,8,RMSprop,4
60,0.3264317214488983,0.8804780840873718,0.4728681147098541,0.8352668285369873,tanh,128,0.3,60,8,RMSprop,6
60,0.15561462938785553,0.9417330622673035,0.7909221053123474,0.7853828072547913,tanh,128,0.3,60,6,Adam,2
60,0.13182072341442108,0.9516932368278503,0.7588566541671753,0.8016241192817688,tanh,128,0.3,60,6,Adam,4
60,0.159083753824234,0.9437251091003418,0.8439343571662903,0.7900232076644897,tanh,128,0.3,60,6,Adam,6
60,0.318805068731308,0.8695219159126282,0.4559655487537384,0.8387470841407776,tanh,128,0.3,60,6,RMSprop,2
60,0.3163048326969147,0.8784860372543335,0.4516747295856476,0.8503480553627014,tanh,128,0.3,60,6,RMSprop,4
60,0.24594233930110931,0.9058765172958374,0.6105542182922363,0.8027842044830322,tanh,128,0.3,60,6,RMSprop,6
100,0.08955125510692596,0.9641434550285339,0.8564257621765137,0.8097447752952576,tanh,128,0.3,100,10,Adam,2
100,0.17544811964035034,0.9352589845657349,0.8781653046607971,0.7877030372619629,tanh,128,0.3,100,10,Adam,4
100,0.13355891406536102,0.9506971836090088,1.1378726959228516,0.7563804984092712,tanh,128,0.3,100,10,Adam,6
100,0.07607702910900116,0.9785856604576111,0.7748511433601379,0.810904860496521,tanh,128,0.3,100,10,RMSprop,2
100,0.08594515919685364,0.9726095795631409,0.8415483236312866,0.7668213248252869,tanh,128,0.3,100,10,RMSprop,4
100,0.15440498292446136,0.9397410154342651,0.5168930888175964,0.8549883961677551,tanh,128,0.3,100,10,RMSprop,6
100,0.08582360297441483,0.9691234827041626,1.1646032333374023,0.7761020660400391,tanh,128,0.3,100,8,Adam,2
100,0.08723129332065582,0.9696215391159058,0.9452816247940063,0.8132250308990479,tanh,128,0.3,100,8,Adam,4
100,0.11192663758993149,0.9616534113883972,0.9399835467338562,0.7842227220535278,tanh,128,0.3,100,8,Adam,6
100,0.09928195178508759,0.967131495475769,0.443048894405365,0.8631090521812439,tanh,128,0.3,100,8,RMSprop,2
100,0.2464904487133026,0.9188246726989746,0.5868858098983765,0.8364269137382507,tanh,128,0.3,100,8,RMSprop,4
100,0.18176396191120148,0.93824702501297,0.563650906085968,0.8225057721138,tanh,128,0.3,100,8,RMSprop,6
100,0.09192676097154617,0.9696215391159058,0.7304426431655884,0.8225057721138,tanh,128,0.3,100,6,Adam,2
100,0.1345771998167038,0.9442231059074402,0.7249401807785034,0.8201856017112732,tanh,128,0.3,100,6,Adam,4
100,0.06792259216308594,0.9760956168174744,0.8212924599647522,0.8178654313087463,tanh,128,0.3,100,6,Adam,6
100,0.12312843650579453,0.9606573581695557,0.5318562984466553,0.857308566570282,tanh,128,0.3,100,6,RMSprop,2
100,0.16661477088928223,0.9442231059074402,0.4723060429096222,0.8549883961677551,tanh,128,0.3,100,6,RMSprop,4
100,0.21326999366283417,0.9277888536453247,0.46492892503738403,0.8515081405639648,tanh,128,0.3,100,6,RMSprop,6
20,0.6728065609931946,0.7026892304420471,0.84686678647995,0.7215777039527893,tanh,128,0.5,20,10,Adam,2
20,0.7157599329948425,0.6608565449714661,0.8075648546218872,0.685614824295044,tanh,128,0.5,20,10,Adam,4
20,0.7145109176635742,0.6618525981903076,0.8238099217414856,0.6774942278862,tanh,128,0.5,20,10,Adam,6
20,0.8305193781852722,0.6289840340614319,0.7586274743080139,0.6751739978790283,tanh,128,0.5,20,10,RMSprop,2
20,0.7990096211433411,0.6474103331565857,1.087838053703308,0.5823665857315063,tanh,128,0.5,20,10,RMSprop,4
20,0.8127683997154236,0.6399402618408203,0.8661710619926453,0.6171693801879883,tanh,128,0.5,20,10,RMSprop,6
20,0.7190238237380981,0.663844645023346,0.7656801342964172,0.6960557103157043,tanh,128,0.5,20,8,Adam,2
20,0.7024047374725342,0.6608565449714661,0.7787654995918274,0.689095139503479,tanh,128,0.5,20,8,Adam,4
20,0.7503547668457031,0.6404382586479187,0.7786396741867065,0.6740139126777649,tanh,128,0.5,20,8,Adam,6
20,0.7666292190551758,0.6658366322517395,0.9663885235786438,0.6276102066040039,tanh,128,0.5,20,8,RMSprop,2
20,0.8578189611434937,0.6259959936141968,0.8425865173339844,0.6357308626174927,tanh,128,0.5,20,8,RMSprop,4
20,0.7772858738899231,0.6533864736557007,0.8207645416259766,0.6334106922149658,tanh,128,0.5,20,8,RMSprop,6
20,0.673821747303009,0.6802788972854614,0.7374251484870911,0.7041763067245483,tanh,128,0.5,20,6,Adam,2
20,0.6591854095458984,0.6932271122932434,0.768805205821991,0.6867749691009521,tanh,128,0.5,20,6,Adam,4
20,0.6432841420173645,0.6897410154342651,0.8038730025291443,0.7204176187515259,tanh,128,0.5,20,6,Adam,6
20,0.7869420051574707,0.6464143395423889,0.9668312668800354,0.6206496357917786,tanh,128,0.5,20,6,RMSprop,2
20,0.800844669342041,0.6419322490692139,0.8946475982666016,0.6566125154495239,tanh,128,0.5,20,6,RMSprop,4
20,0.7820026874542236,0.6583665609359741,0.7722021341323853,0.6763340830802917,tanh,128,0.5,20,6,RMSprop,6
60,0.30464625358581543,0.8859561681747437,0.7550912499427795,0.7795823812484741,tanh,128,0.5,60,10,Adam,2
60,0.31301677227020264,0.8869521617889404,0.8685693144798279,0.7494199275970459,tanh,128,0.5,60,10,Adam,4
60,0.3987707197666168,0.8510956168174744,0.6684181094169617,0.7761020660400391,tanh,128,0.5,60,10,Adam,6
60,0.41677263379096985,0.8311753273010254,0.5971439480781555,0.7679814100265503,tanh,128,0.5,60,10,RMSprop,2
60,0.407740980386734,0.8461155295372009,0.7696613073348999,0.7041763067245483,tanh,128,0.5,60,10,RMSprop,4
60,0.4514804184436798,0.8167330622673035,0.8079136610031128,0.7285382747650146,tanh,128,0.5,60,10,RMSprop,6
60,0.44620800018310547,0.8167330622673035,0.7343777418136597,0.7575405836105347,tanh,128,0.5,60,8,Adam,2
60,0.3826666474342346,0.8466135263442993,0.7017132043838501,0.7703016400337219,tanh,128,0.5,60,8,Adam,4
60,0.3158716559410095,0.8745020031929016,0.8073509335517883,0.7656612396240234,tanh,128,0.5,60,8,Adam,6
60,0.3810678720474243,0.855079710483551,1.178281545639038,0.6844547390937805,tanh,128,0.5,60,8,RMSprop,2
60,0.4070746600627899,0.836155354976654,0.7774118781089783,0.7517401576042175,tanh,128,0.5,60,8,RMSprop,4
60,0.42087453603744507,0.837649405002594,0.8493651747703552,0.6658932566642761,tanh,128,0.5,60,8,RMSprop,6
60,0.3544239103794098,0.8680278658866882,0.7445716857910156,0.7911832928657532,tanh,128,0.5,60,6,Adam,2
60,0.3745712339878082,0.8525896668434143,0.7554852962493896,0.7761020660400391,tanh,128,0.5,60,6,Adam,4
60,0.34744909405708313,0.8580677509307861,0.6776099801063538,0.7842227220535278,tanh,128,0.5,60,6,Adam,6
60,0.48396822810173035,0.8082669377326965,0.6089390516281128,0.7865429520606995,tanh,128,0.5,60,6,RMSprop,2
60,0.46336257457733154,0.8177290558815002,0.9703829884529114,0.7273781895637512,tanh,128,0.5,60,6,RMSprop,4
60,0.44501468539237976,0.8416334390640259,0.5786616206169128,0.8085846900939941,tanh,128,0.5,60,6,RMSprop,6
100,0.23310108482837677,0.9143426418304443,0.8137248754501343,0.7853828072547913,tanh,128,0.5,100,10,Adam,2
100,0.2118939459323883,0.9243028163909912,0.8193627595901489,0.7888631224632263,tanh,128,0.5,100,10,Adam,4
100,0.2617267966270447,0.9038844704627991,0.8081002831459045,0.7830626368522644,tanh,128,0.5,100,10,Adam,6
100,0.2756187617778778,0.8964143395423889,0.4911331534385681,0.8329466581344604,tanh,128,0.5,100,10,RMSprop,2
100,0.23147498071193695,0.916832685470581,0.6117495894432068,0.7969837784767151,tanh,128,0.5,100,10,RMSprop,4
100,0.2858303487300873,0.8989043831825256,0.5534473061561584,0.8085846900939941,tanh,128,0.5,100,10,RMSprop,6
100,0.28630661964416504,0.8929283022880554,0.7191874980926514,0.7969837784767151,tanh,128,0.5,100,8,Adam,2
100,0.25260961055755615,0.9128485918045044,0.7386093139648438,0.7842227220535278,tanh,128,0.5,100,8,Adam,4
100,0.244442418217659,0.907868504524231,0.7536842823028564,0.7726218104362488,tanh,128,0.5,100,8,Adam,6
100,0.27571195363998413,0.8934262990951538,0.5382876396179199,0.8178654313087463,tanh,128,0.5,100,8,RMSprop,2
100,0.22268639504909515,0.9178286790847778,0.6076237559318542,0.8201856017112732,tanh,128,0.5,100,8,RMSprop,4
100,0.28864702582359314,0.8914342522621155,0.5575016736984253,0.7900232076644897,tanh,128,0.5,100,8,RMSprop,6
100,0.25969165563583374,0.9093625545501709,0.7566238045692444,0.8085846900939941,tanh,128,0.5,100,6,Adam,2
100,0.20081518590450287,0.9248008131980896,0.8059486746788025,0.7969837784767151,tanh,128,0.5,100,6,Adam,4
100,0.22721663117408752,0.9198207259178162,0.8201587796211243,0.7946635484695435,tanh,128,0.5,100,6,Adam,6
100,0.3160335123538971,0.8859561681747437,0.5497875809669495,0.8294663429260254,tanh,128,0.5,100,6,RMSprop,2
100,0.2337093949317932,0.913844645023346,0.733224093914032,0.7679814100265503,tanh,128,0.5,100,6,RMSprop,4
100,0.2366873025894165,0.9088645577430725,0.795473039150238,0.7343387603759766,tanh,128,0.5,100,6,RMSprop,6
